<?xml version="1.0" encoding="UTF-8"?>

 <peripheral constructor="constructor"
    destructor="destructor"
    formalValues="F"
    httpvis="F"
    imagefile="pse.pse"
    library="peripheral"
    name="checkSum"
    nbyte="F"
    recursive="F"
    releasestatus="0"
    saveRestore="F"
    vendor="gaph"
    version="1.0"
    visibility="0">
    <docsection name="doc"
        text="Description">
        <doctext name="txt"
            text="A OVP checkSum peripheral"/>
    </docsection>
    <busmasterport addresswidth="32"
        addresswidthmax="0"
        addresswidthmin="32"
        name="MREAD"/>
    <busslaveport addresswidth="32"
        mustbeconnected="T"
        name="DMAC"
        size="0xc">
        <addressblock name="ab"
            size="0xc"
            width="32">
            <memorymappedregister access="rw"
                isvolatile="T"
                name="address"
                nbyte="F"
                readfunction="address_R"
                width="32"
                writefunction="address_W"/>
            <memorymappedregister access="rw"
                isvolatile="T"
                name="statusCS"
                nbyte="F"
                offset="0x4"
                readfunction="statusCS_R"
                width="32"
                writefunction="statusCS_W"/>
            <memorymappedregister access="rw"
                isvolatile="T"
                name="checkSum"
                nbyte="F"
                offset="0x8"
                readfunction="checkSum_R"
                width="32"
                writefunction="checkSum_W"/>
        </addressblock>
    </busslaveport>
    <fileversion major="1"
        minor="0"
        name="_version_0"/>
 </peripheral>
